image,experiment,source,source_param,channel_code,channel_param,channel,channel_p,psnr_db,mse,accuracy_exact,accuracy_tol5,ber_raw,ber_decoded,n_info_bits,n_tx_bits,code_rate,compression_ratio,encode_ms,decode_ms
checkerboard,rd_dct,dct,5,none,3,bsc,0.0,32.81601443825655,34.0,0.0,0.5,0.0,0.0,65572,65572,1.0,1.9989019703531996,5.722099999729835,5.238500000359636
checkerboard,rd_dct,dct,10,none,3,bsc,0.0,42.11020369539948,4.0,0.0,1.0,0.0,0.0,81956,81956,1.0,1.5992971838547514,5.571799999870564,8.25459999987288
checkerboard,rd_dct,dct,20,none,3,bsc,0.0,42.11020369539948,4.0,0.0,1.0,0.0,0.0,98340,98340,1.0,1.332845230831808,8.030499999676977,6.990600000335689
checkerboard,rd_dct,dct,30,none,3,bsc,0.0,51.141103565318915,0.5,0.5,1.0,0.0,0.0,98340,98340,1.0,1.332845230831808,5.099499999687396,5.030499999975291
checkerboard,rd_dct,dct,50,none,3,bsc,0.0,inf,0.0,1.0,1.0,0.0,0.0,114724,114724,1.0,1.1424985181827692,4.5629000001099485,6.249900000057096
checkerboard,rd_dct,dct,70,none,3,bsc,0.0,51.141103565318915,0.5,0.5,1.0,0.0,0.0,131108,131108,1.0,0.9997254172132898,7.565100000192615,6.190000000060536
checkerboard,rd_dct,dct,85,none,3,bsc,0.0,inf,0.0,1.0,1.0,0.0,0.0,147492,147492,1.0,0.8886719279689745,6.932200000392186,6.6063999997822975
checkerboard,rd_dct,dct,95,none,3,bsc,0.0,inf,0.0,1.0,1.0,0.0,0.0,163876,163876,1.0,0.799824257365325,7.234499999867694,5.989199999930861
checkerboard,rd_quantize,quantize,1,none,3,bsc,0.0,18.263086266016654,970.0,0.0,0.0,0.0,0.0,16416,16416,1.0,7.984405458089668,0.33699999994496466,0.23590000000695
checkerboard,rd_quantize,quantize,2,none,3,bsc,0.0,38.1308036086791,10.0,0.0,1.0,0.0,0.0,32800,32800,1.0,3.9960975609756098,0.8437000001322303,0.6408999997802312
checkerboard,rd_quantize,quantize,3,none,3,bsc,0.0,25.826314394896364,170.0,0.0,0.0,0.0,0.0,49184,49184,1.0,2.664931685100846,1.0298000001967011,0.7585999996990722
checkerboard,rd_quantize,quantize,4,none,3,bsc,0.0,33.98107012897092,26.0,0.0,0.5,0.0,0.0,65568,65568,1.0,1.9990239141044412,0.8407000000261178,0.50809999993362
checkerboard,rd_quantize,quantize,5,none,3,bsc,0.0,45.12050365203929,2.0,0.5,1.0,0.0,0.0,81952,81952,1.0,1.5993752440452949,1.0945999997602485,0.7465999997293693
checkerboard,rd_quantize,quantize,6,none,3,bsc,0.0,45.12050365203929,2.0,0.5,1.0,0.0,0.0,98336,98336,1.0,1.332899446794663,1.1261999998168903,0.6834000000708329
checkerboard,rd_quantize,quantize,8,none,3,bsc,0.0,inf,0.0,1.0,1.0,0.0,0.0,131104,131104,1.0,0.9997559189650964,1.6906999999264372,1.6170999997484614
checkerboard,bsc_sweep,dct,60,none,1,bsc,0.0,48.1308036086791,1.0,0.0,1.0,0.0,0.0,114724,114724,1.0,1.1424985181827692,7.32190000007904,5.697200000213343
checkerboard,bsc_sweep,dct,60,none,1,bsc,0.001,15.051384600053693,2032.0851440429688,0.00347900390625,0.71002197265625,0.0009065234824448241,0.0009065234824448241,114724,114724,1.0,1.1424985181827692,9.439699999802542,5.536699999993289
checkerboard,bsc_sweep,dct,60,none,1,bsc,0.003,10.672760130624221,5569.347900390625,0.00518798828125,0.07525634765625,0.0027544367351208117,0.0027544367351208117,114724,114724,1.0,1.1424985181827692,5.736900000101741,7.0019999998294224
checkerboard,bsc_sweep,dct,60,none,1,bsc,0.01,6.837861985489636,13467.722595214844,0.002685546875,0.03192138671875,0.010041490882465745,0.010041490882465745,114724,114724,1.0,1.1424985181827692,7.22280000036335,6.658499999957712
checkerboard,bsc_sweep,dct,60,none,1,bsc,0.03,4.826174255801109,21402.422607421875,0.001220703125,0.012939453125,0.029732226909800912,0.029732226909800912,114724,114724,1.0,1.1424985181827692,7.511700000122801,5.225399999744695
checkerboard,bsc_sweep,dct,60,none,1,bsc,0.1,5.549041701919776,18120.750915527344,0.00177001953125,0.0247802734375,0.10162651232523273,0.10162651232523273,114724,114724,1.0,1.1424985181827692,4.634399999758898,33.857500000067375
checkerboard,bsc_sweep,dct,60,repetition,3,bsc,0.0,48.1308036086791,1.0,0.0,1.0,0.0,0.0,114724,344172,0.3333333333333333,1.1424985181827692,6.586299999980838,8.60980000015843
checkerboard,bsc_sweep,dct,60,repetition,3,bsc,0.001,48.1308036086791,1.0,0.0,1.0,0.0010663273014655463,0.0,114724,344172,0.3333333333333333,1.1424985181827692,6.383599999935541,10.49830000010843
checkerboard,bsc_sweep,dct,60,repetition,3,bsc,0.003,29.4894271428082,73.1370849609375,0.0,0.982421875,0.003132154852806155,4.358285973292423e-05,114724,344172,0.3333333333333333,1.1424985181827692,7.692899999710789,9.018599999762955
checkerboard,bsc_sweep,dct,60,repetition,3,bsc,0.01,19.80688134636056,679.8173217773438,0.001953125,0.9090576171875,0.010087979266180862,0.0002876468742373,114724,344172,0.3333333333333333,1.1424985181827692,10.26929999989079,11.921300000267365
checkerboard,bsc_sweep,dct,60,repetition,3,bsc,0.03,11.098380055230086,5049.429992675781,0.0087890625,0.43927001953125,0.029775809769533836,0.002397057285310833,114724,344172,0.3333333333333333,1.1424985181827692,9.706300000289048,11.996600000202307
checkerboard,bsc_sweep,dct,60,repetition,3,bsc,0.1,5.106722192273024,20063.566772460938,0.00067138671875,0.00860595703125,0.10067350045907279,0.02774484850597957,114724,344172,0.3333333333333333,1.1424985181827692,6.686100000024453,8.585900000070978
checkerboard,bsc_sweep,dct,60,repetition,5,bsc,0.0,48.1308036086791,1.0,0.0,1.0,0.0,0.0,114724,573620,0.2,1.1424985181827692,9.677100000317296,10.78300000017407
checkerboard,bsc_sweep,dct,60,repetition,5,bsc,0.001,48.1308036086791,1.0,0.0,1.0,0.001023325546529061,0.0,114724,573620,0.2,1.1424985181827692,11.085600000114937,9.731300000112242
checkerboard,bsc_sweep,dct,60,repetition,5,bsc,0.003,48.1308036086791,1.0,0.0,1.0,0.003085666469091036,0.0,114724,573620,0.2,1.1424985181827692,12.16130000011617,9.364699999878212
checkerboard,bsc_sweep,dct,60,repetition,5,bsc,0.01,37.24671711903392,12.2576904296875,0.0,0.9942626953125,0.010003137965900771,1.7433143893169695e-05,114724,573620,0.2,1.1424985181827692,7.4270999998589105,11.05939999979455
checkerboard,bsc_sweep,dct,60,repetition,5,bsc,0.03,23.532141307471864,288.3143310546875,0.001953125,0.9288330078125,0.02975314668247272,0.00020919772671803633,114724,573620,0.2,1.1424985181827692,10.177699999985634,5.639499999688269
checkerboard,bsc_sweep,dct,60,repetition,5,bsc,0.1,7.295080186183992,12121.945922851562,0.00250244140625,0.06634521484375,0.10028939018862662,0.008211010773682926,114724,573620,0.2,1.1424985181827692,5.895700000110082,9.361099999750877
checkerboard,bsc_sweep,dct,60,hamming,4,bsc,0.0,48.1308036086791,1.0,0.0,1.0,0.0,0.0,114724,200767,0.5714285714285714,1.1424985181827692,11.458999999831576,85.21989999962898
checkerboard,bsc_sweep,dct,60,hamming,4,bsc,0.001,48.1308036086791,1.0,0.0,1.0,0.001006141447548651,0.0,114724,200767,0.5714285714285714,1.1424985181827692,11.89780000004248,87.05909999980577
checkerboard,bsc_sweep,dct,60,hamming,4,bsc,0.003,23.11051865804171,317.708251953125,0.0,0.961181640625,0.003038347935666718,0.00017433143893169693,114724,200767,0.5714285714285714,1.1424985181827692,5.902200000036828,67.76200000012977
checkerboard,bsc_sweep,dct,60,hamming,4,bsc,0.01,15.120185576908671,2000.146484375,0.0015869140625,0.79052734375,0.010166013338845528,0.0010111223458038423,114724,200767,0.5714285714285714,1.1424985181827692,6.646899999850575,62.70260000019334
checkerboard,bsc_sweep,dct,60,hamming,4,bsc,0.03,8.201758032285744,9837.948791503906,0.00213623046875,0.20880126953125,0.029770828871278646,0.007060423276733726,114724,200767,0.5714285714285714,1.1424985181827692,7.471900000382448,64.6153000002414
checkerboard,bsc_sweep,dct,60,hamming,4,bsc,0.1,8.565581502067094,9047.367065429688,0.0,0.0,0.10081338068507274,0.06750113315435306,114724,200767,0.5714285714285714,1.1424985181827692,5.833199999869976,70.72370000014416
checkerboard,bec_sweep,dct,60,none,1,bec,0.0,48.1308036086791,1.0,0.0,1.0,0.0,0.0,114724,114724,1.0,1.1424985181827692,6.652500000200234,5.918399999700341
checkerboard,bec_sweep,dct,60,none,1,bec,0.01,8.762336293317496,8646.627136230469,0.00701904296875,0.15484619140625,0.010041490882465745,0.0050033122973397025,114724,114724,1.0,1.1424985181827692,6.218600000011065,5.726100000174483
checkerboard,bec_sweep,dct,60,none,1,bec,0.03,5.124322504431147,19982.421264648438,0.00177001953125,0.01800537109375,0.029732226909800912,0.014382343711864998,114724,114724,1.0,1.1424985181827692,5.62530000024708,5.384799999774259
checkerboard,bec_sweep,dct,60,none,1,bec,0.1,6.09434151783176,15982.555053710938,0.00201416015625,0.02508544921875,0.10162651232523273,0.050590983577978456,114724,114724,1.0,1.1424985181827692,6.2591999999312975,41.75130000021454
checkerboard,bec_sweep,dct,60,none,1,bec,0.2,5.601730423245579,17902.237670898438,0.00274658203125,0.024658203125,0.2012220633869112,0.1009030368536662,114724,114724,1.0,1.1424985181827692,8.161700000073324,43.36890000013227
checkerboard,bec_sweep,dct,60,none,1,bec,0.3,8.390410825802416,9419.747863769531,0.0,6.103515625e-05,0.2998064921027858,0.15028241693106936,114724,114724,1.0,1.1424985181827692,6.84590000037133,8.884700000180601
checkerboard,bec_sweep,dct,60,repetition,3,bec,0.0,48.1308036086791,1.0,0.0,1.0,0.0,0.0,114724,344172,0.3333333333333333,1.1424985181827692,8.558600000014849,14.00499999999738
checkerboard,bec_sweep,dct,60,repetition,3,bec,0.01,48.1308036086791,1.0,0.0,1.0,0.010087979266180862,0.0,114724,344172,0.3333333333333333,1.1424985181827692,8.401099999900907,19.84900000024936
checkerboard,bec_sweep,dct,60,repetition,3,bec,0.03,28.89977821532291,83.772705078125,0.0009765625,0.99609375,0.029775809769533836,1.7433143893169695e-05,114724,344172,0.3333333333333333,1.1424985181827692,9.785100000044622,19.92370000016308
checkerboard,bec_sweep,dct,60,repetition,3,bec,0.1,16.953469926193875,1311.39453125,0.0047607421875,0.8475341796875,0.10067350045907279,0.0005317108887416756,114724,344172,0.3333333333333333,1.1424985181827692,7.71870000016861,17.946499999652588
checkerboard,bec_sweep,dct,60,repetition,3,bec,0.2,8.956046449270618,8269.432678222656,0.0076904296875,0.2137451171875,0.20020222446916078,0.0042624036818799905,114724,344172,0.3333333333333333,1.1424985181827692,11.370000000169966,18.211500000234082
checkerboard,bec_sweep,dct,60,repetition,3,bec,0.3,6.030835207925389,16217.982971191406,0.001953125,0.024658203125,0.29984135839057213,0.0136327185244587,114724,344172,0.3333333333333333,1.1424985181827692,7.603699999890523,18.624699999691074
checkerboard,bec_sweep,dct,60,repetition,5,bec,0.0,48.1308036086791,1.0,0.0,1.0,0.0,0.0,114724,573620,0.2,1.1424985181827692,5.9675000002243905,24.087799999961135
checkerboard,bec_sweep,dct,60,repetition,5,bec,0.01,48.1308036086791,1.0,0.0,1.0,0.010003137965900771,0.0,114724,573620,0.2,1.1424985181827692,12.124100000164617,20.097099999929924
checkerboard,bec_sweep,dct,60,repetition,5,bec,0.03,48.1308036086791,1.0,0.0,1.0,0.02975314668247272,0.0,114724,573620,0.2,1.1424985181827692,8.249099999829923,18.287400000190246
checkerboard,bec_sweep,dct,60,repetition,5,bec,0.1,31.270479598180163,48.532470703125,0.0,0.9921875,0.10028939018862662,1.7433143893169695e-05,114724,573620,0.2,1.1424985181827692,11.009500000000116,21.03639999995721
checkerboard,bec_sweep,dct,60,repetition,5,bec,0.2,19.86896615241785,670.1680908203125,0.0001220703125,0.93310546875,0.20022314424183257,0.00018304801087828178,114724,573620,0.2,1.1424985181827692,7.5489000000743545,20.689599999968777
checkerboard,bec_sweep,dct,60,repetition,5,bec,0.3,14.121478090755442,2517.2859497070312,0.00555419921875,0.668701171875,0.30001568982950383,0.0012639029322548028,114724,573620,0.2,1.1424985181827692,8.911800000078074,18.01999999997861
checkerboard,bec_sweep,dct,60,hamming,4,bec,0.0,48.1308036086791,1.0,0.0,1.0,0.0,0.0,114724,200767,0.5714285714285714,1.1424985181827692,14.012600000114617,266.04079999970054
checkerboard,bec_sweep,dct,60,hamming,4,bec,0.01,48.1308036086791,1.0,0.0,1.0,0.010166013338845528,0.0,114724,200767,0.5714285714285714,1.1424985181827692,11.617799999839917,328.37719999997717
checkerboard,bec_sweep,dct,60,hamming,4,bec,0.03,48.1308036086791,1.0,0.0,1.0,0.029770828871278646,0.0,114724,200767,0.5714285714285714,1.1424985181827692,8.637800000087736,346.64569999995365
checkerboard,bec_sweep,dct,60,hamming,4,bec,0.1,26.16105542923883,157.38916015625,0.0,0.984375,0.10081338068507274,6.973257557267878e-05,114724,200767,0.5714285714285714,1.1424985181827692,7.322800000110874,533.5709000000861
checkerboard,bec_sweep,dct,60,hamming,4,bec,0.2,18.61148555864932,895.2241821289062,0.0,0.911376953125,0.20026697614647826,0.0004445451692758272,114724,200767,0.5714285714285714,1.1424985181827692,8.681899999828602,689.2159999997602
checkerboard,bec_sweep,dct,60,hamming,4,bec,0.3,12.286626376603103,3840.764892578125,0.0052490234375,0.02569580078125,0.2998450940642636,0.0022488755622188904,114724,200767,0.5714285714285714,1.1424985181827692,9.835800000018935,705.934999999954
gradient,rd_dct,dct,5,none,3,bsc,0.0,31.75832928611147,43.37579345703125,0.05023193359375,0.5419921875,0.0,0.0,65572,65572,1.0,1.9989019703531996,5.427199999758159,6.980300000122952
gradient,rd_dct,dct,10,none,3,bsc,0.0,35.23724593036463,19.46954345703125,0.08447265625,0.77545166015625,0.0,0.0,81956,81956,1.0,1.5992971838547514,6.991400000060821,8.046100000228762
gradient,rd_dct,dct,20,none,3,bsc,0.0,40.517423188445456,5.77215576171875,0.14385986328125,0.9937744140625,0.0,0.0,98340,98340,1.0,1.332845230831808,8.344099999703758,5.935700000009092
gradient,rd_dct,dct,30,none,3,bsc,0.0,47.380674363128605,1.18853759765625,0.2972412109375,1.0,0.0,0.0,114724,114724,1.0,1.1424985181827692,7.6185999996596365,5.954400000064197
gradient,rd_dct,dct,50,none,3,bsc,0.0,45.12103382903062,1.999755859375,0.25006103515625,1.0,0.0,0.0,114724,114724,1.0,1.1424985181827692,9.514800000033574,5.850100000316161
gradient,rd_dct,dct,70,none,3,bsc,0.0,50.407285658974025,0.592041015625,0.482666015625,1.0,0.0,0.0,131108,131108,1.0,0.9997254172132898,8.418500000061613,6.127199999809818
gradient,rd_dct,dct,85,none,3,bsc,0.0,53.636110015409855,0.281494140625,0.718505859375,1.0,0.0,0.0,147492,147492,1.0,0.8886719279689745,7.4386999999660475,8.73539999975037
gradient,rd_dct,dct,95,none,3,bsc,0.0,90.27500300163646,6.103515625e-05,0.99993896484375,1.0,0.0,0.0,163876,163876,1.0,0.799824257365325,9.895700000015495,9.187999999994645
gradient,rd_quantize,quantize,1,none,3,bsc,0.0,16.77786229885612,1365.5076293945312,0.0078125,0.0859375,0.0,0.0,16416,16416,1.0,7.984405458089668,0.23160000000643777,0.7989000000634405
gradient,rd_quantize,quantize,2,none,3,bsc,0.0,22.7968491805589,341.50372314453125,0.015625,0.171875,0.0,0.0,32800,32800,1.0,3.9960975609756098,0.7913999997981591,0.5605000001196458
gradient,rd_quantize,quantize,3,none,3,bsc,0.0,28.81105255475896,85.50177001953125,0.03125,0.34375,0.0,0.0,49184,49184,1.0,2.664931685100846,1.0013000000981265,0.7184000000961532
gradient,rd_quantize,quantize,4,none,3,bsc,0.0,34.80625873619661,21.50079345703125,0.0625,0.6875,0.0,0.0,65568,65568,1.0,1.9990239141044412,1.2517999998635787,0.8649999999761349
gradient,rd_quantize,quantize,5,none,3,bsc,0.0,40.726935745589465,5.50030517578125,0.125,1.0,0.0,0.0,81952,81952,1.0,1.5993752440452949,1.4101000001573993,0.9006999998746323
gradient,rd_quantize,quantize,6,none,3,bsc,0.0,46.369714306840386,1.50006103515625,0.24993896484375,1.0,0.0,0.0,98336,98336,1.0,1.332899446794663,2.0721999999295804,1.0228999999526422
gradient,rd_quantize,quantize,8,none,3,bsc,0.0,inf,0.0,1.0,1.0,0.0,0.0,131104,131104,1.0,0.9997559189650964,1.3482999997904699,1.1233000000174798
gradient,bsc_sweep,dct,60,none,1,bsc,0.0,51.433849381519785,0.4674072265625,0.54779052734375,1.0,0.0,0.0,131108,131108,1.0,0.9997254172132898,7.036099999822909,7.995299999947747
gradient,bsc_sweep,dct,60,none,1,bsc,0.001,13.448187005400081,2939.4201049804688,0.3363037109375,0.66259765625,0.0009457851542239986,0.0009457851542239986,131108,131108,1.0,0.9997254172132898,9.100499999931344,6.076899999698071
gradient,bsc_sweep,dct,60,none,1,bsc,0.003,9.686461259264398,6989.308898925781,0.01898193359375,0.27874755859375,0.0028144735637794793,0.0028144735637794793,131108,131108,1.0,0.9997254172132898,6.537899999784713,9.378400000059628
gradient,bsc_sweep,dct,60,none,1,bsc,0.01,6.666794602839001,14008.798889160156,0.0030517578125,0.0372314453125,0.01025109070384721,0.01025109070384721,131108,131108,1.0,0.9997254172132898,6.728500000008353,8.670600000186823
gradient,bsc_sweep,dct,60,none,1,bsc,0.03,5.898328635559228,16720.43212890625,0.0008544921875,0.006591796875,0.02998291484882692,0.02998291484882692,131108,131108,1.0,0.9997254172132898,9.194400000069436,6.330000000161817
gradient,bsc_sweep,dct,60,none,1,bsc,0.1,6.494606963683468,14575.37255859375,0.00201416015625,0.0216064453125,0.10138969399273881,0.10138969399273881,131108,131108,1.0,0.9997254172132898,5.417700000180048,27.930900000228576
gradient,bsc_sweep,dct,60,repetition,3,bsc,0.0,51.433849381519785,0.4674072265625,0.54779052734375,1.0,0.0,0.0,131108,393324,0.3333333333333333,0.9997254172132898,7.275400000253285,10.609299999941868
gradient,bsc_sweep,dct,60,repetition,3,bsc,0.001,51.433849381519785,0.4674072265625,0.54779052734375,1.0,0.0010423976162146221,0.0,131108,393324,0.3333333333333333,0.9997254172132898,12.424199999713892,10.656299999936891
gradient,bsc_sweep,dct,60,repetition,3,bsc,0.003,29.456020112940323,73.70184326171875,0.53692626953125,0.98333740234375,0.003086513917279393,3.813649815419349e-05,131108,393324,0.3333333333333333,0.9997254172132898,8.556600000247272,10.41220000024623
gradient,bsc_sweep,dct,60,repetition,3,bsc,0.01,19.15329542051808,790.22509765625,0.47674560546875,0.88836669921875,0.010032441447763166,0.0002669554870793544,131108,393324,0.3333333333333333,0.9997254172132898,11.754999999993743,12.798799999927724
gradient,bsc_sweep,dct,60,repetition,3,bsc,0.03,10.092222751035017,6365.874694824219,0.14471435546875,0.32440185546875,0.029652398531490577,0.002372090185190835,131108,393324,0.3333333333333333,0.9997254172132898,8.321499999965454,10.317100000065693
gradient,bsc_sweep,dct,60,repetition,3,bsc,0.1,5.774113281828895,17205.568725585938,0.0003662109375,0.0062255859375,0.10051509696840263,0.027557433566220216,131108,393324,0.3333333333333333,0.9997254172132898,12.102000000140833,13.342199999897275
gradient,bsc_sweep,dct,60,repetition,5,bsc,0.0,51.433849381519785,0.4674072265625,0.54779052734375,1.0,0.0,0.0,131108,655540,0.2,0.9997254172132898,11.3298000001123,13.001100000110455
gradient,bsc_sweep,dct,60,repetition,5,bsc,0.001,51.433849381519785,0.4674072265625,0.54779052734375,1.0,0.0010403636696463983,0.0,131108,655540,0.2,0.9997254172132898,10.756099999980506,13.543200000185607
gradient,bsc_sweep,dct,60,repetition,5,bsc,0.003,51.433849381519785,0.4674072265625,0.54779052734375,1.0,0.003105836409677518,0.0,131108,655540,0.2,0.9997254172132898,10.035700000116776,13.27209999999468
gradient,bsc_sweep,dct,60,repetition,5,bsc,0.01,28.108359713715586,100.51812744140625,0.54388427734375,0.9921875,0.010061933673002411,1.5254599261677395e-05,131108,655540,0.2,0.9997254172132898,12.43109999995795,11.973699999998644
gradient,bsc_sweep,dct,60,repetition,5,bsc,0.03,19.589663257635614,714.6839599609375,0.4820556640625,0.90802001953125,0.02988833633340452,0.00022881898892516093,131108,655540,0.2,0.9997254172132898,11.309200000141573,13.7776000001395
gradient,bsc_sweep,dct,60,repetition,5,bsc,0.1,6.873661342751005,13357.163024902344,0.0108642578125,0.04345703125,0.10030966836501205,0.008184092503889923,131108,655540,0.2,0.9997254172132898,14.259600000059436,9.22949999994671
gradient,bsc_sweep,dct,60,hamming,4,bsc,0.0,51.433849381519785,0.4674072265625,0.54779052734375,1.0,0.0,0.0,131108,229439,0.5714285714285714,0.9997254172132898,8.146899999701418,104.7260999998798
gradient,bsc_sweep,dct,60,hamming,4,bsc,0.001,51.433849381519785,0.4674072265625,0.54779052734375,1.0,0.0009893697235430767,0.0,131108,229439,0.5714285714285714,0.9997254172132898,11.898499999915657,93.69920000017373
gradient,bsc_sweep,dct,60,hamming,4,bsc,0.003,21.993243251232556,410.9188232421875,0.52752685546875,0.96966552734375,0.0030160521968802165,0.00015254599261677396,131108,229439,0.5714285714285714,0.9997254172132898,11.553599999842845,92.18300000020463
gradient,bsc_sweep,dct,60,hamming,4,bsc,0.01,15.71923729738334,1742.4351806640625,0.4234619140625,0.79791259765625,0.010185713849868593,0.0009534124538548372,131108,229439,0.5714285714285714,0.9997254172132898,10.459199999786506,172.8805999996439
gradient,bsc_sweep,dct,60,hamming,4,bsc,0.03,7.83582691341453,10702.806396484375,0.06317138671875,0.16143798828125,0.029916448380615326,0.007184916252250054,131108,229439,0.5714285714285714,0.9997254172132898,16.06930000025386,86.70230000006995
gradient,bsc_sweep,dct,60,hamming,4,bsc,0.1,7.55071564563997,11429.014831542969,0.002685546875,0.0338134765625,0.10088956105980239,0.06753211093144583,131108,229439,0.5714285714285714,0.9997254172132898,5.7018999996216735,103.0006000000867
gradient,bec_sweep,dct,60,none,1,bec,0.0,51.433849381519785,0.4674072265625,0.54779052734375,1.0,0.0,0.0,131108,131108,1.0,0.9997254172132898,6.562000000030821,6.542800000261195
gradient,bec_sweep,dct,60,none,1,bec,0.01,8.203573673503193,9833.836730957031,0.04052734375,0.1414794921875,0.01025109070384721,0.005034017756353541,131108,131108,1.0,0.9997254172132898,7.82759999992777,7.558600000265869
gradient,bec_sweep,dct,60,none,1,bec,0.03,6.083277471167182,16023.323974609375,0.00128173828125,0.00933837890625,0.02998291484882692,0.015323244958354944,131108,131108,1.0,0.9997254172132898,6.101800000124058,6.934399999863672
gradient,bec_sweep,dct,60,none,1,bec,0.1,5.609885290416284,17868.653686523438,0.000244140625,0.0040283203125,0.10138969399273881,0.05162156390151631,131108,131108,1.0,0.9997254172132898,7.711100000051374,41.26330000008238
gradient,bec_sweep,dct,60,none,1,bec,0.2,5.709065165294848,17465.211303710938,0.00030517578125,0.00469970703125,0.20071238978552033,0.1008557830185801,131108,131108,1.0,0.9997254172132898,6.354799999826355,69.45760000007795
gradient,bec_sweep,dct,60,none,1,bec,0.3,5.470810997293399,18450.122802734375,0.0003662109375,0.00299072265625,0.2997681300912225,0.1505018763157092,131108,131108,1.0,0.9997254172132898,10.446499999943626,36.39130000010482
gradient,bec_sweep,dct,60,repetition,3,bec,0.0,51.433849381519785,0.4674072265625,0.54779052734375,1.0,0.0,0.0,131108,393324,0.3333333333333333,0.9997254172132898,6.450500000028114,17.346999999972468
gradient,bec_sweep,dct,60,repetition,3,bec,0.01,51.433849381519785,0.4674072265625,0.54779052734375,1.0,0.010032441447763166,0.0,131108,393324,0.3333333333333333,0.9997254172132898,9.865799999715819,17.646399999648565
gradient,bec_sweep,dct,60,repetition,3,bec,0.03,30.980737104967083,51.88079833984375,0.54364013671875,0.9921875,0.029652398531490577,1.5254599261677395e-05,131108,393324,0.3333333333333333,0.9997254172132898,8.211999999730324,18.777899999804504
gradient,bec_sweep,dct,60,repetition,3,bec,0.1,16.741213193538602,1377.07958984375,0.43890380859375,0.83453369140625,0.10051509696840263,0.00044238337858864445,131108,393324,0.3333333333333333,0.9997254172132898,6.916999999702966,14.675200000056066
gradient,bec_sweep,dct,60,repetition,3,bec,0.2,8.881596382483792,8412.415649414062,0.080322265625,0.197509765625,0.20060815002389887,0.0037678860176343166,131108,393324,0.3333333333333333,0.9997254172132898,9.31189999982962,16.368499999771302
gradient,bec_sweep,dct,60,repetition,3,bec,0.3,6.374545035254464,14983.934204101562,0.00341796875,0.01727294921875,0.30004525531114296,0.012783354181285657,131108,393324,0.3333333333333333,0.9997254172132898,9.319499999946856,18.925800000033632
gradient,bec_sweep,dct,60,repetition,5,bec,0.0,51.433849381519785,0.4674072265625,0.54779052734375,1.0,0.0,0.0,131108,655540,0.2,0.9997254172132898,7.507399999667541,20.226199999797245
gradient,bec_sweep,dct,60,repetition,5,bec,0.01,51.433849381519785,0.4674072265625,0.54779052734375,1.0,0.010061933673002411,0.0,131108,655540,0.2,0.9997254172132898,8.011599999917962,20.267800000056013
gradient,bec_sweep,dct,60,repetition,5,bec,0.03,51.433849381519785,0.4674072265625,0.54779052734375,1.0,0.02988833633340452,0.0,131108,655540,0.2,0.9997254172132898,6.79020000006858,19.6179999998094
gradient,bec_sweep,dct,60,repetition,5,bec,0.1,34.65078951142183,22.284423828125,0.54278564453125,0.99322509765625,0.10030966836501205,1.5254599261677395e-05,131108,655540,0.2,0.9997254172132898,8.163400000285037,19.670899999709945
gradient,bec_sweep,dct,60,repetition,5,bec,0.2,18.793050800269494,858.5691528320312,0.48626708984375,0.90106201171875,0.19992525246361778,0.00022881898892516093,131108,655540,0.2,0.9997254172132898,8.230599999933474,18.255599999974947
gradient,bec_sweep,dct,60,repetition,5,bec,0.3,12.957697154624002,3290.869384765625,0.2760009765625,0.57623291015625,0.29977728285077954,0.0013576593342892883,131108,655540,0.2,0.9997254172132898,8.205800000268937,14.029699999809964
gradient,bec_sweep,dct,60,hamming,4,bec,0.0,51.433849381519785,0.4674072265625,0.54779052734375,1.0,0.0,0.0,131108,229439,0.5714285714285714,0.9997254172132898,6.825699999808421,335.3362000002562
gradient,bec_sweep,dct,60,hamming,4,bec,0.01,51.433849381519785,0.4674072265625,0.54779052734375,1.0,0.010185713849868593,0.0,131108,229439,0.5714285714285714,0.9997254172132898,9.003199999824574,343.90399999983856
gradient,bec_sweep,dct,60,hamming,4,bec,0.03,51.433849381519785,0.4674072265625,0.54779052734375,1.0,0.029916448380615326,0.0,131108,229439,0.5714285714285714,0.9997254172132898,11.368899999979476,378.3926999999494
gradient,bec_sweep,dct,60,hamming,4,bec,0.1,26.670742755751565,139.960693359375,0.531494140625,0.96875,0.10088956105980239,0.00010678219483174177,131108,229439,0.5714285714285714,0.9997254172132898,9.55389999990075,535.9689000001708
gradient,bec_sweep,dct,60,hamming,4,bec,0.2,18.025975066078836,1024.4313354492188,0.46466064453125,0.83935546875,0.20014470077013935,0.0007169661652988376,131108,229439,0.5714285714285714,0.9997254172132898,5.388000000039028,678.472900000088
gradient,bec_sweep,dct,60,hamming,4,bec,0.3,10.755618791563595,5464.0980224609375,0.03955078125,0.3048095703125,0.2994565004205911,0.00380602251578851,131108,229439,0.5714285714285714,0.9997254172132898,11.470599999938713,807.5434999996105
noise,rd_dct,dct,5,none,3,bsc,0.0,26.04970865257028,161.4765625,0.03302001953125,0.33660888671875,0.0,0.0,49188,49188,1.0,2.66471497113117,2.992900000208465,2.967400000216003
noise,rd_dct,dct,10,none,3,bsc,0.0,27.555216918459063,114.1717529296875,0.03900146484375,0.3984375,0.0,0.0,65572,65572,1.0,1.9989019703531996,5.480400000124064,5.643899999995483
noise,rd_dct,dct,20,none,3,bsc,0.0,28.310883718660925,95.93829345703125,0.03961181640625,0.42559814453125,0.0,0.0,81956,81956,1.0,1.5992971838547514,5.508199999894714,6.234799999674578
noise,rd_dct,dct,30,none,3,bsc,0.0,28.734666674634965,87.0189208984375,0.0418701171875,0.4508056640625,0.0,0.0,81956,81956,1.0,1.5992971838547514,6.759800000054383,8.1942000001618
noise,rd_dct,dct,50,none,3,bsc,0.0,29.422682503596057,74.269775390625,0.04693603515625,0.4803466796875,0.0,0.0,98340,98340,1.0,1.332845230831808,5.050700000083452,3.3551000001352804
noise,rd_dct,dct,70,none,3,bsc,0.0,30.370282466380274,59.710693359375,0.0546875,0.5323486328125,0.0,0.0,114724,114724,1.0,1.1424985181827692,4.141700000218407,4.755899999963731
noise,rd_dct,dct,85,none,3,bsc,0.0,33.33548350046273,30.1669921875,0.076171875,0.68719482421875,0.0,0.0,131108,131108,1.0,0.9997254172132898,5.069100000127946,3.332899999804795
noise,rd_dct,dct,95,none,3,bsc,0.0,42.266595480258445,3.8585205078125,0.2078857421875,0.99462890625,0.0,0.0,147492,147492,1.0,0.8886719279689745,3.685199999836186,4.476200000226527
noise,rd_quantize,quantize,1,none,3,bsc,0.0,15.215095278385952,1956.909912109375,0.00115966796875,0.0123291015625,0.0,0.0,16416,16416,1.0,7.984405458089668,0.23929999997562845,0.19020000036107376
noise,rd_quantize,quantize,2,none,3,bsc,0.0,23.006600100365112,325.402099609375,0.017822265625,0.18255615234375,0.0,0.0,32800,32800,1.0,3.9960975609756098,0.6153000003905618,0.4079000000274391
noise,rd_quantize,quantize,3,none,3,bsc,0.0,28.819496393525114,85.335693359375,0.03277587890625,0.345703125,0.0,0.0,49184,49184,1.0,2.664931685100846,0.6713000002491754,0.4260999999132764
noise,rd_quantize,quantize,4,none,3,bsc,0.0,34.7691487143866,21.685302734375,0.06329345703125,0.6817626953125,0.0,0.0,65568,65568,1.0,1.9990239141044412,0.7843000003049383,0.8062999995672726
noise,rd_quantize,quantize,5,none,3,bsc,0.0,40.674483215835984,5.567138671875,0.12567138671875,1.0,0.0,0.0,81952,81952,1.0,1.5993752440452949,0.7762000000184344,0.5437999998321175
noise,rd_quantize,quantize,6,none,3,bsc,0.0,46.33118672484112,1.513427734375,0.25213623046875,1.0,0.0,0.0,98336,98336,1.0,1.332899446794663,1.2992000001759152,0.5695999998351908
noise,rd_quantize,quantize,8,none,3,bsc,0.0,inf,0.0,1.0,1.0,0.0,0.0,131104,131104,1.0,0.9997559189650964,1.3401000001067587,0.9182000003420399
noise,bsc_sweep,dct,60,none,1,bsc,0.0,29.770482319635097,68.55389404296875,0.0518798828125,0.4962158203125,0.0,0.0,98340,98340,1.0,1.332845230831808,3.555199999937031,5.045899999913672
noise,bsc_sweep,dct,60,none,1,bsc,0.001,17.55212574942434,1142.5304565429688,0.03985595703125,0.3948974609375,0.0008948545861297539,0.0008948545861297539,98340,98340,1.0,1.332845230831808,3.4938999997393694,4.656300000078772
noise,bsc_sweep,dct,60,none,1,bsc,0.003,13.540227572312988,2877.7800903320312,0.02166748046875,0.2457275390625,0.002725238966849705,0.002725238966849705,98340,98340,1.0,1.332845230831808,4.909199999929115,6.357600000228558
noise,bsc_sweep,dct,60,none,1,bsc,0.01,9.201350471089667,7815.293884277344,0.00653076171875,0.06719970703125,0.009884075655887736,0.009884075655887736,98340,98340,1.0,1.332845230831808,5.548500000259082,5.39359999993394
noise,bsc_sweep,dct,60,none,1,bsc,0.03,6.789035958223183,13619.9892578125,0.00262451171875,0.02392578125,0.02965222696766321,0.02965222696766321,98340,98340,1.0,1.332845230831808,3.8958000000093307,5.242599999746744
noise,bsc_sweep,dct,60,none,1,bsc,0.1,6.823593451934867,13512.042907714844,0.00146484375,0.01617431640625,0.10165751474476306,0.10165751474476306,98340,98340,1.0,1.332845230831808,3.785899999911635,27.89940000002389
noise,bsc_sweep,dct,60,repetition,3,bsc,0.0,29.770482319635097,68.55389404296875,0.0518798828125,0.4962158203125,0.0,0.0,98340,295020,0.3333333333333333,1.332845230831808,4.313700000238896,5.906400000185386
noise,bsc_sweep,dct,60,repetition,3,bsc,0.001,29.770482319635097,68.55389404296875,0.0518798828125,0.4962158203125,0.0010406074164463427,0.0,98340,295020,0.3333333333333333,1.332845230831808,4.286100000172155,8.342800000264106
noise,bsc_sweep,dct,60,repetition,3,bsc,0.003,28.641784806300798,88.9000244140625,0.0513916015625,0.490234375,0.0030879262422886583,5.08440105755542e-05,98340,295020,0.3333333333333333,1.332845230831808,4.769299999679788,5.8934999997291015
noise,bsc_sweep,dct,60,repetition,3,bsc,0.01,21.81989132445357,427.6527099609375,0.04803466796875,0.46307373046875,0.010117958104535286,0.00029489526133821435,98340,295020,0.3333333333333333,1.332845230831808,6.609600000047067,5.055699999957142
noise,bsc_sweep,dct,60,repetition,3,bsc,0.03,13.548607898698757,2872.2323608398438,0.0244140625,0.26629638671875,0.02987594061419565,0.002399837299166158,98340,295020,0.3333333333333333,1.332845230831808,5.582600000252569,6.9719999996777915
noise,bsc_sweep,dct,60,repetition,3,bsc,0.1,7.138900072327326,12565.806091308594,0.00140380859375,0.01739501953125,0.10079655616568368,0.02807606263982103,98340,295020,0.3333333333333333,1.332845230831808,5.385599999954138,7.303000000320026
noise,bsc_sweep,dct,60,repetition,5,bsc,0.0,29.770482319635097,68.55389404296875,0.0518798828125,0.4962158203125,0.0,0.0,98340,491700,0.2,1.332845230831808,7.650399999874935,9.228000000348402
noise,bsc_sweep,dct,60,repetition,5,bsc,0.001,29.770482319635097,68.55389404296875,0.0518798828125,0.4962158203125,0.0010392515761643278,0.0,98340,491700,0.2,1.332845230831808,8.00230000004376,9.56480000013471
noise,bsc_sweep,dct,60,repetition,5,bsc,0.003,29.770482319635097,68.55389404296875,0.0518798828125,0.4962158203125,0.0030933496034167176,0.0,98340,491700,0.2,1.332845230831808,8.607100000062928,6.836400000338472
noise,bsc_sweep,dct,60,repetition,5,bsc,0.01,27.964713444967817,103.8984375,0.0517578125,0.49407958984375,0.009993898718730933,2.033760423022168e-05,98340,491700,0.2,1.332845230831808,6.567299999915122,9.493000000020402
noise,bsc_sweep,dct,60,repetition,5,bsc,0.03,22.173264763950815,394.23382568359375,0.04937744140625,0.46734619140625,0.029749847467968275,0.00022371364653243848,98340,491700,0.2,1.332845230831808,13.625499999761814,9.409900000264315
noise,bsc_sweep,dct,60,repetition,5,bsc,0.1,10.07079082382873,6397.3671875,0.0087890625,0.09674072265625,0.10021761236526337,0.008175716900549116,98340,491700,0.2,1.332845230831808,7.514099999752943,10.113199999977951
noise,bsc_sweep,dct,60,hamming,4,bsc,0.0,29.770482319635097,68.55389404296875,0.0518798828125,0.4962158203125,0.0,0.0,98340,172095,0.5714285714285714,1.332845230831808,7.851800000025833,63.150100000257225
noise,bsc_sweep,dct,60,hamming,4,bsc,0.001,29.770482319635097,68.55389404296875,0.0518798828125,0.4962158203125,0.0009878264911821959,0.0,98340,172095,0.5714285714285714,1.332845230831808,10.305199999947945,70.25869999961287
noise,bsc_sweep,dct,60,hamming,4,bsc,0.003,24.35250351988269,238.68768310546875,0.04986572265625,0.48162841796875,0.002969290217612365,0.0002033760423022168,98340,172095,0.5714285714285714,1.332845230831808,9.922200000346493,62.7081000002363
noise,bsc_sweep,dct,60,hamming,4,bsc,0.01,18.114418099407253,1003.780029296875,0.042236328125,0.414306640625,0.010203666579505506,0.0009965426072808623,98340,172095,0.5714285714285714,1.332845230831808,8.641999999781547,79.06889999958366
noise,bsc_sweep,dct,60,hamming,4,bsc,0.03,10.875862636574327,5314.887756347656,0.0185546875,0.1597900390625,0.02965222696766321,0.006914785438275371,98340,172095,0.5714285714285714,1.332845230831808,6.019899999955669,52.43419999987964
noise,bsc_sweep,dct,60,hamming,4,bsc,0.1,19.09917717005485,800.1338500976562,0.01202392578125,0.143310546875,0.1005200615938871,0.06739882041895465,98340,172095,0.5714285714285714,1.332845230831808,10.025499999755993,63.52930000002743
noise,bec_sweep,dct,60,none,1,bec,0.0,29.770482319635097,68.55389404296875,0.0518798828125,0.4962158203125,0.0,0.0,98340,98340,1.0,1.332845230831808,6.896299999880284,5.259699999896839
noise,bec_sweep,dct,60,none,1,bec,0.01,11.146733638048456,4993.5223388671875,0.01556396484375,0.164306640625,0.009884075655887736,0.00484034980679276,98340,98340,1.0,1.332845230831808,3.585399999792571,3.2059999998637068
noise,bec_sweep,dct,60,none,1,bec,0.03,6.834143631961562,13479.258361816406,0.002685546875,0.02557373046875,0.02965222696766321,0.014795607077486271,98340,98340,1.0,1.332845230831808,3.4903999999187363,3.4823999999389343
noise,bec_sweep,dct,60,none,1,bec,0.1,6.745314966855837,13757.795959472656,0.00250244140625,0.02301025390625,0.10165751474476306,0.05166768354687818,98340,98340,1.0,1.332845230831808,6.2386000004153175,3.634600000168575
noise,bec_sweep,dct,60,none,1,bec,0.2,6.701810159060459,13896.305236816406,0.0023193359375,0.0233154296875,0.20096603620093553,0.10181004677648973,98340,98340,1.0,1.332845230831808,5.669899999702466,7.538999999724183
noise,bec_sweep,dct,60,none,1,bec,0.3,6.301569684056728,15237.839416503906,0.00067138671875,0.0064697265625,0.29911531421598536,0.15033557046979865,98340,98340,1.0,1.332845230831808,3.405200000088371,32.117100000050414
noise,bec_sweep,dct,60,repetition,3,bec,0.0,29.770482319635097,68.55389404296875,0.0518798828125,0.4962158203125,0.0,0.0,98340,295020,0.3333333333333333,1.332845230831808,4.832899999655638,11.203999999906955
noise,bec_sweep,dct,60,repetition,3,bec,0.01,29.770482319635097,68.55389404296875,0.0518798828125,0.4962158203125,0.010117958104535286,0.0,98340,295020,0.3333333333333333,1.332845230831808,5.756499999733933,11.23779999988983
noise,bec_sweep,dct,60,repetition,3,bec,0.03,27.86510491475315,106.3089599609375,0.05169677734375,0.49200439453125,0.02987594061419565,3.050640634533252e-05,98340,295020,0.3333333333333333,1.332845230831808,5.7228000000577595,11.0740000000078
noise,bec_sweep,dct,60,repetition,3,bec,0.1,21.340960491180464,477.51202392578125,0.04583740234375,0.4453125,0.10079655616568368,0.0005186089078706528,98340,295020,0.3333333333333333,1.332845230831808,6.874799999877723,7.6304000003801775
noise,bec_sweep,dct,60,repetition,3,bec,0.2,11.360878135151884,4753.270690917969,0.016845703125,0.1641845703125,0.20059318012338145,0.004047183241814114,98340,295020,0.3333333333333333,1.332845230831808,4.340299999967101,10.744000000158849
noise,bec_sweep,dct,60,repetition,3,bec,0.3,8.501105646222726,9182.687316894531,0.00433349609375,0.0445556640625,0.2999762727950647,0.013229611551759203,98340,295020,0.3333333333333333,1.332845230831808,7.748600000013539,12.993199999982608
noise,bec_sweep,dct,60,repetition,5,bec,0.0,29.770482319635097,68.55389404296875,0.0518798828125,0.4962158203125,0.0,0.0,98340,491700,0.2,1.332845230831808,9.743100000378035,16.55449999998382
noise,bec_sweep,dct,60,repetition,5,bec,0.01,29.770482319635097,68.55389404296875,0.0518798828125,0.4962158203125,0.009993898718730933,0.0,98340,491700,0.2,1.332845230831808,7.968999999775406,14.482300000054238
noise,bec_sweep,dct,60,repetition,5,bec,0.03,29.770482319635097,68.55389404296875,0.0518798828125,0.4962158203125,0.029749847467968275,0.0,98340,491700,0.2,1.332845230831808,9.803400000237161,12.976200000139215
noise,bec_sweep,dct,60,repetition,5,bec,0.1,29.769121480272567,68.57537841796875,0.05181884765625,0.49609375,0.10021761236526337,1.016880211511084e-05,98340,491700,0.2,1.332845230831808,4.977900000085356,13.012299999900279
noise,bec_sweep,dct,60,repetition,5,bec,0.2,23.87903358753475,266.18096923828125,0.04901123046875,0.475830078125,0.20015253203172667,0.0002033760423022168,98340,491700,0.2,1.332845230831808,5.815499999698659,14.439699999911682
noise,bec_sweep,dct,60,repetition,5,bec,0.3,17.108292291378902,1265.4678955078125,0.03875732421875,0.38543701171875,0.29990034573927193,0.001138905836892414,98340,491700,0.2,1.332845230831808,8.951199999955861,18.597799999952258
noise,bec_sweep,dct,60,hamming,4,bec,0.0,29.770482319635097,68.55389404296875,0.0518798828125,0.4962158203125,0.0,0.0,98340,172095,0.5714285714285714,1.332845230831808,6.280600000081904,235.7305999998971
noise,bec_sweep,dct,60,hamming,4,bec,0.01,29.770482319635097,68.55389404296875,0.0518798828125,0.4962158203125,0.010203666579505506,0.0,98340,172095,0.5714285714285714,1.332845230831808,10.389600000053179,227.52360000004046
noise,bec_sweep,dct,60,hamming,4,bec,0.03,29.48546756489165,73.20379638671875,0.05181884765625,0.494384765625,0.02965222696766321,2.033760423022168e-05,98340,172095,0.5714285714285714,1.332845230831808,6.958200000099168,369.964500000151
noise,bec_sweep,dct,60,hamming,4,bec,0.1,24.9059834534758,210.1270751953125,0.04913330078125,0.47064208984375,0.1005200615938871,0.0003965832824893228,98340,172095,0.5714285714285714,1.332845230831808,7.787000000007538,417.4948999998378
noise,bec_sweep,dct,60,hamming,4,bec,0.2,18.82612797516873,852.0548706054688,0.03515625,0.33880615234375,0.19993608181527645,0.0031828350620296928,98340,172095,0.5714285714285714,1.332845230831808,10.671800000181975,536.608299999898
noise,bec_sweep,dct,60,hamming,4,bec,0.3,13.181485349731775,3125.5886840820312,0.0126953125,0.1387939453125,0.2992823731078765,0.010982306284319707,98340,172095,0.5714285714285714,1.332845230831808,13.101799999731156,613.9344999996865
shapes,rd_dct,dct,5,none,3,bsc,0.0,25.28582710025562,192.5296630859375,0.021484375,0.11761474609375,0.0,0.0,65572,65572,1.0,1.9989019703531996,5.324499999915133,4.4032000000697735
shapes,rd_dct,dct,10,none,3,bsc,0.0,27.759506507585108,108.925537109375,0.01690673828125,0.8333740234375,0.0,0.0,81956,81956,1.0,1.5992971838547514,5.97799999968629,5.031099999996513
shapes,rd_dct,dct,20,none,3,bsc,0.0,30.98181529195231,51.867919921875,0.02313232421875,0.86456298828125,0.0,0.0,98340,98340,1.0,1.332845230831808,6.989399999838497,5.2909000000909145
shapes,rd_dct,dct,30,none,3,bsc,0.0,32.6089265915028,35.6605224609375,0.65765380859375,0.88043212890625,0.0,0.0,114724,114724,1.0,1.1424985181827692,7.972399999744084,5.944100000306207
shapes,rd_dct,dct,50,none,3,bsc,0.0,35.324196425062595,19.0836181640625,0.773681640625,0.93572998046875,0.0,0.0,114724,114724,1.0,1.1424985181827692,7.120700000086799,6.503199999770004
shapes,rd_dct,dct,70,none,3,bsc,0.0,37.782138694424944,10.8359375,0.14794921875,0.953369140625,0.0,0.0,131108,131108,1.0,0.9997254172132898,10.23910000003525,3.452099999776692
shapes,rd_dct,dct,85,none,3,bsc,0.0,43.21175181457379,3.1038818359375,0.80731201171875,0.97283935546875,0.0,0.0,147492,147492,1.0,0.8886719279689745,4.219599999942147,6.121299999904295
shapes,rd_dct,dct,95,none,3,bsc,0.0,52.76683457513893,0.3438720703125,0.8995361328125,0.99969482421875,0.0,0.0,180260,180260,1.0,0.7271274825252413,7.1031000002221845,21.731799999997747
shapes,rd_quantize,quantize,1,none,3,bsc,0.0,19.027732468372,813.405517578125,0.0,0.0,0.0,0.0,16416,16416,1.0,7.984405458089668,0.40450000005876063,0.39029999970807694
shapes,rd_quantize,quantize,2,none,3,bsc,0.0,28.56397806871651,90.507080078125,0.0,0.10137939453125,0.0,0.0,32800,32800,1.0,3.9960975609756098,0.902100000075734,1.2370999997983745
shapes,rd_quantize,quantize,3,none,3,bsc,0.0,29.40677943064585,74.542236328125,0.0,0.0,0.0,0.0,49184,49184,1.0,2.664931685100846,1.3644999999087304,1.1908000001312757
shapes,rd_quantize,quantize,4,none,3,bsc,0.0,42.6596335236145,3.524658203125,0.7745361328125,0.96875,0.0,0.0,65568,65568,1.0,1.9990239141044412,1.0486999999557156,0.7879999998294807
shapes,rd_quantize,quantize,5,none,3,bsc,0.0,36.976307504703016,13.045166015625,0.10137939453125,1.0,0.0,0.0,81952,81952,1.0,1.5993752440452949,0.9884999999485444,1.251599999704922
shapes,rd_quantize,quantize,6,none,3,bsc,0.0,42.64701740723103,3.534912109375,0.09283447265625,1.0,0.0,0.0,98336,98336,1.0,1.332899446794663,1.9797999998445448,1.4283999998951913
shapes,rd_quantize,quantize,8,none,3,bsc,0.0,inf,0.0,1.0,1.0,0.0,0.0,131104,131104,1.0,0.9997559189650964,2.3197000000436674,2.230000000054133
shapes,bsc_sweep,dct,60,none,1,bsc,0.0,36.31443997295426,15.1927490234375,0.6878662109375,0.9434814453125,0.0,0.0,131108,131108,1.0,0.9997254172132898,8.923200000026554,12.674100000367616
shapes,bsc_sweep,dct,60,none,1,bsc,0.001,13.09989500462218,3184.86376953125,0.40997314453125,0.62286376953125,0.0009457851542239986,0.0009457851542239986,131108,131108,1.0,0.9997254172132898,10.05250000025626,3.4873999998126237
shapes,bsc_sweep,dct,60,none,1,bsc,0.003,9.193539804653692,7829.362121582031,0.020751953125,0.1112060546875,0.0028144735637794793,0.0028144735637794793,131108,131108,1.0,0.9997254172132898,6.11090000029435,3.8969999995970284
shapes,bsc_sweep,dct,60,none,1,bsc,0.01,5.935445304325438,16578.141052246094,0.01611328125,0.03900146484375,0.01025109070384721,0.01025109070384721,131108,131108,1.0,0.9997254172132898,5.987200000163284,7.138999999824591
shapes,bsc_sweep,dct,60,none,1,bsc,0.03,4.827558752820248,21395.60076904297,0.01605224609375,0.017578125,0.02998291484882692,0.02998291484882692,131108,131108,1.0,0.9997254172132898,5.0732999998217565,6.738399999903777
shapes,bsc_sweep,dct,60,none,1,bsc,0.1,5.339627645190175,19015.93115234375,0.0155029296875,0.01568603515625,0.10138969399273881,0.10138969399273881,131108,131108,1.0,0.9997254172132898,7.511599999816099,36.18549999964671
shapes,bsc_sweep,dct,60,repetition,3,bsc,0.0,36.31443997295426,15.1927490234375,0.6878662109375,0.9434814453125,0.0,0.0,131108,393324,0.3333333333333333,0.9997254172132898,7.072100000186765,9.933599999840226
shapes,bsc_sweep,dct,60,repetition,3,bsc,0.001,36.31443997295426,15.1927490234375,0.6878662109375,0.9434814453125,0.0010423976162146221,0.0,131108,393324,0.3333333333333333,0.9997254172132898,9.992700000111654,11.6769999999633
shapes,bsc_sweep,dct,60,repetition,3,bsc,0.003,29.01985853680315,81.4881591796875,0.6722412109375,0.9266357421875,0.003086513917279393,3.813649815419349e-05,131108,393324,0.3333333333333333,0.9997254172132898,6.525000000237924,9.247899999991205
shapes,bsc_sweep,dct,60,repetition,3,bsc,0.01,18.721512340595567,872.8289184570312,0.603515625,0.83941650390625,0.010032441447763166,0.0002669554870793544,131108,393324,0.3333333333333333,0.9997254172132898,9.299299999838695,16.046100000039587
shapes,bsc_sweep,dct,60,repetition,3,bsc,0.03,9.751193515138832,6885.904724121094,0.18536376953125,0.3291015625,0.029652398531490577,0.002372090185190835,131108,393324,0.3333333333333333,0.9997254172132898,8.437400000275375,5.962000000181433
shapes,bsc_sweep,dct,60,repetition,3,bsc,0.1,4.934404829892958,20875.643798828125,0.0164794921875,0.02166748046875,0.10051509696840263,0.027557433566220216,131108,393324,0.3333333333333333,0.9997254172132898,4.923400000279798,8.586499999637454
shapes,bsc_sweep,dct,60,repetition,5,bsc,0.0,36.31443997295426,15.1927490234375,0.6878662109375,0.9434814453125,0.0,0.0,131108,655540,0.2,0.9997254172132898,8.963799999946787,11.219299999993382
shapes,bsc_sweep,dct,60,repetition,5,bsc,0.001,36.31443997295426,15.1927490234375,0.6878662109375,0.9434814453125,0.0010403636696463983,0.0,131108,655540,0.2,0.9997254172132898,9.191699999973935,11.061100000006263
shapes,bsc_sweep,dct,60,repetition,5,bsc,0.003,36.31443997295426,15.1927490234375,0.6878662109375,0.9434814453125,0.003105836409677518,0.0,131108,655540,0.2,0.9997254172132898,9.909700000207522,11.674299999867799
shapes,bsc_sweep,dct,60,repetition,5,bsc,0.01,26.56250626689646,143.49267578125,0.68798828125,0.93896484375,0.010061933673002411,1.5254599261677395e-05,131108,655540,0.2,0.9997254172132898,11.184599999978673,12.814199999866105
shapes,bsc_sweep,dct,60,repetition,5,bsc,0.03,18.945733476891817,828.9093017578125,0.6317138671875,0.86370849609375,0.02988833633340452,0.00022881898892516093,131108,655540,0.2,0.9997254172132898,6.2169000002541,7.586199999877863
shapes,bsc_sweep,dct,60,repetition,5,bsc,0.1,6.196808149483081,15609.879333496094,0.03277587890625,0.05682373046875,0.10030966836501205,0.008184092503889923,131108,655540,0.2,0.9997254172132898,9.907099999963975,11.504499999773543
shapes,bsc_sweep,dct,60,hamming,4,bsc,0.0,36.31443997295426,15.1927490234375,0.6878662109375,0.9434814453125,0.0,0.0,131108,229439,0.5714285714285714,0.9997254172132898,9.89449999997305,90.43699999983801
shapes,bsc_sweep,dct,60,hamming,4,bsc,0.001,36.31443997295426,15.1927490234375,0.6878662109375,0.9434814453125,0.0009893697235430767,0.0,131108,229439,0.5714285714285714,0.9997254172132898,9.422000000085973,99.95830000025308
shapes,bsc_sweep,dct,60,hamming,4,bsc,0.003,21.67706850770035,441.95037841796875,0.667236328125,0.9139404296875,0.0030160521968802165,0.00015254599261677396,131108,229439,0.5714285714285714,0.9997254172132898,10.438299999805167,77.86619999978939
shapes,bsc_sweep,dct,60,hamming,4,bsc,0.01,15.368833590981133,1888.8479614257812,0.53509521484375,0.75872802734375,0.010185713849868593,0.0009534124538548372,131108,229439,0.5714285714285714,0.9997254172132898,9.702399999696354,91.31860000024972
shapes,bsc_sweep,dct,60,hamming,4,bsc,0.03,7.176423858483643,12457.703063964844,0.08526611328125,0.16339111328125,0.029916448380615326,0.007184916252250054,131108,229439,0.5714285714285714,0.9997254172132898,10.327899999992951,96.49569999965024
shapes,bsc_sweep,dct,60,hamming,4,bsc,0.1,6.008530803657587,16301.489196777344,0.01220703125,0.0179443359375,0.10088956105980239,0.06753211093144583,131108,229439,0.5714285714285714,0.9997254172132898,11.873999999806983,93.20770000022094
shapes,bec_sweep,dct,60,none,1,bec,0.0,36.31443997295426,15.1927490234375,0.6878662109375,0.9434814453125,0.0,0.0,131108,131108,1.0,0.9997254172132898,6.314799999927345,9.99679999995351
shapes,bec_sweep,dct,60,none,1,bec,0.01,7.617635741339761,11254.255920410156,0.0758056640625,0.14569091796875,0.01025109070384721,0.00509503615340025,131108,131108,1.0,0.9997254172132898,7.524800000282994,7.764500000121188
shapes,bec_sweep,dct,60,none,1,bec,0.03,5.305726285497533,19164.95184326172,0.01715087890625,0.02471923828125,0.02998291484882692,0.015185953564999848,131108,131108,1.0,0.9997254172132898,6.765699999959907,6.8151999998917745
shapes,bec_sweep,dct,60,none,1,bec,0.1,4.713932215874818,21962.77130126953,0.01605224609375,0.01971435546875,0.10138969399273881,0.05151478170668457,131108,131108,1.0,0.9997254172132898,10.731299999861221,38.27610000007553
shapes,bec_sweep,dct,60,none,1,bec,0.2,4.710978845557746,21977.7119140625,0.01580810546875,0.0177001953125,0.20071238978552033,0.10064984592854746,131108,131108,1.0,0.9997254172132898,6.946400000288122,48.95219999980327
shapes,bec_sweep,dct,60,none,1,bec,0.3,4.55624790643335,22774.85235595703,0.01568603515625,0.01708984375,0.2997681300912225,0.14986118314671873,131108,131108,1.0,0.9997254172132898,6.465400000251975,32.95170000001235
shapes,bec_sweep,dct,60,repetition,3,bec,0.0,36.31443997295426,15.1927490234375,0.6878662109375,0.9434814453125,0.0,0.0,131108,393324,0.3333333333333333,0.9997254172132898,5.370200000015757,18.59070000000429
shapes,bec_sweep,dct,60,repetition,3,bec,0.01,36.31443997295426,15.1927490234375,0.6878662109375,0.9434814453125,0.010032441447763166,0.0,131108,393324,0.3333333333333333,0.9997254172132898,10.17699999965771,19.09959999966304
shapes,bec_sweep,dct,60,repetition,3,bec,0.03,29.950862458030386,65.764892578125,0.683349609375,0.93670654296875,0.029652398531490577,1.5254599261677395e-05,131108,393324,0.3333333333333333,0.9997254172132898,8.981699999822013,20.602600000074744
shapes,bec_sweep,dct,60,repetition,3,bec,0.1,16.660490278304742,1402.9149169921875,0.56500244140625,0.793701171875,0.10051509696840263,0.00041187418006528967,131108,393324,0.3333333333333333,0.9997254172132898,9.085900000172842,18.18219999995563
shapes,bec_sweep,dct,60,repetition,3,bec,0.2,8.29693379125671,9624.695129394531,0.0938720703125,0.1959228515625,0.20060815002389887,0.0037144949202184458,131108,393324,0.3333333333333333,0.9997254172132898,7.771900000079768,13.91860000012457
shapes,bec_sweep,dct,60,repetition,3,bec,0.3,5.609688174222854,17869.464721679688,0.01690673828125,0.02813720703125,0.30004525531114296,0.012905390975379077,131108,393324,0.3333333333333333,0.9997254172132898,8.588400000007823,13.788000000204192
shapes,bec_sweep,dct,60,repetition,5,bec,0.0,36.31443997295426,15.1927490234375,0.6878662109375,0.9434814453125,0.0,0.0,131108,655540,0.2,0.9997254172132898,9.771999999884429,22.219800000129908
shapes,bec_sweep,dct,60,repetition,5,bec,0.01,36.31443997295426,15.1927490234375,0.6878662109375,0.9434814453125,0.010061933673002411,0.0,131108,655540,0.2,0.9997254172132898,10.397899999588844,21.239199999854463
shapes,bec_sweep,dct,60,repetition,5,bec,0.03,36.31443997295426,15.1927490234375,0.6878662109375,0.9434814453125,0.02988833633340452,0.0,131108,655540,0.2,0.9997254172132898,11.223399999835237,22.136000000045897
shapes,bec_sweep,dct,60,repetition,5,bec,0.1,32.53383507612194,36.282470703125,0.684326171875,0.9371337890625,0.10030966836501205,1.5254599261677395e-05,131108,655540,0.2,0.9997254172132898,9.980699999687204,24.19580000014321
shapes,bec_sweep,dct,60,repetition,5,bec,0.2,19.018255156247356,815.1824951171875,0.60577392578125,0.85107421875,0.19992525246361778,0.00022119168929432223,131108,655540,0.2,0.9997254172132898,9.736399999837886,15.926799999760988
shapes,bec_sweep,dct,60,repetition,5,bec,0.3,12.61909597619485,3557.7117919921875,0.35125732421875,0.54803466796875,0.29977728285077954,0.0013805412331818043,131108,655540,0.2,0.9997254172132898,10.145100000045204,22.590199999740435
shapes,bec_sweep,dct,60,hamming,4,bec,0.0,36.31443997295426,15.1927490234375,0.6878662109375,0.9434814453125,0.0,0.0,131108,229439,0.5714285714285714,0.9997254172132898,5.882999999812455,278.9925000001858
shapes,bec_sweep,dct,60,hamming,4,bec,0.01,36.31443997295426,15.1927490234375,0.6878662109375,0.9434814453125,0.010185713849868593,0.0,131108,229439,0.5714285714285714,0.9997254172132898,8.788000000095053,359.91340000009586
shapes,bec_sweep,dct,60,hamming,4,bec,0.03,36.31443997295426,15.1927490234375,0.6878662109375,0.9434814453125,0.029916448380615326,0.0,131108,229439,0.5714285714285714,0.9997254172132898,9.111000000302738,373.8906000003226
shapes,bec_sweep,dct,60,hamming,4,bec,0.1,27.8513655154454,106.64581298828125,0.6820068359375,0.92828369140625,0.10088956105980239,0.00013729139335509657,131108,229439,0.5714285714285714,0.9997254172132898,9.731500000270898,612.0630000000347
shapes,bec_sweep,dct,60,hamming,4,bec,0.2,16.232309515719745,1548.2796630859375,0.59521484375,0.80419921875,0.20014470077013935,0.0013271501357659335,131108,229439,0.5714285714285714,0.9997254172132898,12.68339999978707,726.4844999999696
shapes,bec_sweep,dct,60,hamming,4,bec,0.3,10.414542376606494,5910.52587890625,0.02728271484375,0.1021728515625,0.2994565004205911,0.0046602800744424445,131108,229439,0.5714285714285714,0.9997254172132898,11.43450000017765,744.5121999999174
sinusoid,rd_dct,dct,5,none,3,bsc,0.0,27.530071571787946,114.834716796875,0.03662109375,0.4169921875,0.0,0.0,65572,65572,1.0,1.9989019703531996,8.227599999827362,4.426499999681255
sinusoid,rd_dct,dct,10,none,3,bsc,0.0,31.992813654385373,41.095947265625,0.059326171875,0.615966796875,0.0,0.0,81956,81956,1.0,1.5992971838547514,5.049599999892962,5.308599999807484
sinusoid,rd_dct,dct,20,none,3,bsc,0.0,36.22830757366948,15.4970703125,0.10693359375,0.837890625,0.0,0.0,98340,98340,1.0,1.332845230831808,4.922300000089308,3.7781000000904896
sinusoid,rd_dct,dct,30,none,3,bsc,0.0,38.77247504132372,8.62646484375,0.146240234375,0.94384765625,0.0,0.0,98340,98340,1.0,1.332845230831808,5.287500000122236,2.8895999998894695
sinusoid,rd_dct,dct,50,none,3,bsc,0.0,41.46823875167853,4.63720703125,0.185546875,0.9873046875,0.0,0.0,114724,114724,1.0,1.1424985181827692,6.458899999870482,3.1705999999758205
sinusoid,rd_dct,dct,70,none,3,bsc,0.0,44.25831349864268,2.439208984375,0.249267578125,0.999755859375,0.0,0.0,131108,131108,1.0,0.9997254172132898,6.537499999922147,3.824999999778811
sinusoid,rd_dct,dct,85,none,3,bsc,0.0,47.84263762222571,1.068603515625,0.3896484375,1.0,0.0,0.0,147492,147492,1.0,0.8886719279689745,4.191900000023452,6.336800000099174
sinusoid,rd_dct,dct,95,none,3,bsc,0.0,52.10662669261612,0.40032958984375,0.61981201171875,1.0,0.0,0.0,163876,163876,1.0,0.799824257365325,6.634800000028918,4.815199999939068
sinusoid,rd_quantize,quantize,1,none,3,bsc,0.0,16.45438064481333,1471.100341796875,0.0078125,0.07763671875,0.0,0.0,16416,16416,1.0,7.984405458089668,0.22160000025905902,0.1837999998315354
sinusoid,rd_quantize,quantize,2,none,3,bsc,0.0,22.718245036451638,347.740966796875,0.01220703125,0.16748046875,0.0,0.0,32800,32800,1.0,3.9960975609756098,1.2201999998069368,0.877400000263151
sinusoid,rd_quantize,quantize,3,none,3,bsc,0.0,28.801690757325137,85.686279296875,0.03271484375,0.34619140625,0.0,0.0,49184,49184,1.0,2.664931685100846,0.8476000002701767,0.4893999998785148
sinusoid,rd_quantize,quantize,4,none,3,bsc,0.0,34.74944017501019,21.783935546875,0.058349609375,0.67626953125,0.0,0.0,65568,65568,1.0,1.9990239141044412,0.7608999999320076,0.46220000012908713
sinusoid,rd_quantize,quantize,5,none,3,bsc,0.0,40.70506342276538,5.528076171875,0.126708984375,1.0,0.0,0.0,81952,81952,1.0,1.5993752440452949,1.2047999998685555,0.610400000368827
sinusoid,rd_quantize,quantize,6,none,3,bsc,0.0,46.387598556390365,1.493896484375,0.248779296875,1.0,0.0,0.0,98336,98336,1.0,1.332899446794663,0.9482999998908781,0.6440000001930457
sinusoid,rd_quantize,quantize,8,none,3,bsc,0.0,inf,0.0,1.0,1.0,0.0,0.0,131104,131104,1.0,0.9997559189650964,1.2845999999626656,0.9624999997868144
sinusoid,bsc_sweep,dct,60,none,1,bsc,0.0,42.773005723344646,3.433837890625,0.212890625,0.998046875,0.0,0.0,114724,114724,1.0,1.1424985181827692,3.578800000013871,7.778499999858468
sinusoid,bsc_sweep,dct,60,none,1,bsc,0.001,15.24213977356272,1944.7616577148438,0.1424560546875,0.708740234375,0.0009065234824448241,0.0009065234824448241,114724,114724,1.0,1.1424985181827692,4.2190999997728795,7.293600000139122
sinusoid,bsc_sweep,dct,60,none,1,bsc,0.003,11.065925544928206,5087.305358886719,0.03057861328125,0.28076171875,0.0027544367351208117,0.0027544367351208117,114724,114724,1.0,1.1424985181827692,3.7642000002051645,7.652100000086648
sinusoid,bsc_sweep,dct,60,none,1,bsc,0.01,7.467947124383592,11648.919616699219,0.00531005859375,0.05328369140625,0.010041490882465745,0.010041490882465745,114724,114724,1.0,1.1424985181827692,3.6506999999801337,4.994200000055571
sinusoid,bsc_sweep,dct,60,none,1,bsc,0.03,5.877129627699048,16802.248291015625,0.000732421875,0.01220703125,0.029732226909800912,0.029732226909800912,114724,114724,1.0,1.1424985181827692,3.7050000000817818,6.400700000085635
sinusoid,bsc_sweep,dct,60,none,1,bsc,0.1,7.007640936823254,12951.386596679688,0.00201416015625,0.0279541015625,0.10162651232523273,0.10162651232523273,114724,114724,1.0,1.1424985181827692,3.8047999996706494,28.475800000251184
sinusoid,bsc_sweep,dct,60,repetition,3,bsc,0.0,42.773005723344646,3.433837890625,0.212890625,0.998046875,0.0,0.0,114724,344172,0.3333333333333333,1.1424985181827692,4.995299999791314,9.780500000033499
sinusoid,bsc_sweep,dct,60,repetition,3,bsc,0.001,42.773005723344646,3.433837890625,0.212890625,0.998046875,0.0010663273014655463,0.0,114724,344172,0.3333333333333333,1.1424985181827692,6.2475999998241605,5.4801000001134526
sinusoid,bsc_sweep,dct,60,repetition,3,bsc,0.003,29.94713574766913,65.82135009765625,0.208740234375,0.98065185546875,0.003132154852806155,4.358285973292423e-05,114724,344172,0.3333333333333333,1.1424985181827692,4.733900000246649,7.913799999641924
sinusoid,bsc_sweep,dct,60,repetition,3,bsc,0.01,20.213908252385906,618.9984130859375,0.1912841796875,0.9052734375,0.010087979266180862,0.0002876468742373,114724,344172,0.3333333333333333,1.1424985181827692,4.488000000037573,8.216499999889493
sinusoid,bsc_sweep,dct,60,repetition,3,bsc,0.03,11.53107820634858,4570.5928955078125,0.07952880859375,0.43499755859375,0.029775809769533836,0.002397057285310833,114724,344172,0.3333333333333333,1.1424985181827692,5.29210000013336,9.499700000105804
sinusoid,bsc_sweep,dct,60,repetition,3,bsc,0.1,5.958554631225759,16490.161071777344,0.00091552734375,0.00921630859375,0.10067350045907279,0.02774484850597957,114724,344172,0.3333333333333333,1.1424985181827692,7.829399999991438,5.4476999998769315
sinusoid,bsc_sweep,dct,60,repetition,5,bsc,0.0,42.773005723344646,3.433837890625,0.212890625,0.998046875,0.0,0.0,114724,573620,0.2,1.1424985181827692,7.440299999871058,8.454499999970722
sinusoid,bsc_sweep,dct,60,repetition,5,bsc,0.001,42.773005723344646,3.433837890625,0.212890625,0.998046875,0.001023325546529061,0.0,114724,573620,0.2,1.1424985181827692,8.836200000132521,8.920899999793619
sinusoid,bsc_sweep,dct,60,repetition,5,bsc,0.003,42.773005723344646,3.433837890625,0.212890625,0.998046875,0.003085666469091036,0.0,114724,573620,0.2,1.1424985181827692,9.077499999875727,11.483100000077684
sinusoid,bsc_sweep,dct,60,repetition,5,bsc,0.01,34.86744249871008,21.20001220703125,0.2109375,0.99200439453125,0.010003137965900771,1.7433143893169695e-05,114724,573620,0.2,1.1424985181827692,7.504199999857519,5.469900000207417
sinusoid,bsc_sweep,dct,60,repetition,5,bsc,0.03,23.51798104133845,289.25592041015625,0.19439697265625,0.92742919921875,0.02975314668247272,0.00020919772671803633,114724,573620,0.2,1.1424985181827692,5.443300000024465,9.422199999789882
sinusoid,bsc_sweep,dct,60,repetition,5,bsc,0.1,7.852583973241676,10661.589660644531,0.00958251953125,0.0670166015625,0.10028939018862662,0.008211010773682926,114724,573620,0.2,1.1424985181827692,5.64829999984795,8.137499999975262
sinusoid,bsc_sweep,dct,60,hamming,4,bsc,0.0,42.773005723344646,3.433837890625,0.212890625,0.998046875,0.0,0.0,114724,200767,0.5714285714285714,1.1424985181827692,8.574399999815796,77.6149000002988
sinusoid,bsc_sweep,dct,60,hamming,4,bsc,0.001,42.773005723344646,3.433837890625,0.212890625,0.998046875,0.001006141447548651,0.0,114724,200767,0.5714285714285714,1.1424985181827692,8.540400000129011,66.50960000024497
sinusoid,bsc_sweep,dct,60,hamming,4,bsc,0.003,23.168339377717775,313.50640869140625,0.20513916015625,0.95941162109375,0.003038347935666718,0.00017433143893169693,114724,200767,0.5714285714285714,1.1424985181827692,5.47340000002805,67.8714000000582
sinusoid,bsc_sweep,dct,60,hamming,4,bsc,0.01,15.488306971205589,1837.5944213867188,0.1656494140625,0.7884521484375,0.010166013338845528,0.0010111223458038423,114724,200767,0.5714285714285714,1.1424985181827692,9.12800000014613,72.88519999974596
sinusoid,bsc_sweep,dct,60,hamming,4,bsc,0.03,8.636886089188984,8900.035766601562,0.04278564453125,0.20904541015625,0.029770828871278646,0.007060423276733726,114724,200767,0.5714285714285714,1.1424985181827692,6.168699999761884,63.33680000034292
sinusoid,bsc_sweep,dct,60,hamming,4,bsc,0.1,12.485086278234638,3669.2029418945312,0.0093994140625,0.095703125,0.10081338068507274,0.06750113315435306,114724,200767,0.5714285714285714,1.1424985181827692,6.757499999821448,71.3316000001214
sinusoid,bec_sweep,dct,60,none,1,bec,0.0,42.773005723344646,3.433837890625,0.212890625,0.998046875,0.0,0.0,114724,114724,1.0,1.1424985181827692,4.997100000309729,4.636600000139879
sinusoid,bec_sweep,dct,60,none,1,bec,0.01,9.161154584072563,7887.963684082031,0.02508544921875,0.1610107421875,0.010041490882465745,0.0049161465778738535,114724,114724,1.0,1.1424985181827692,3.9763999998285726,6.9112999999561
sinusoid,bec_sweep,dct,60,none,1,bec,0.03,6.094184609010479,15983.132507324219,0.0015869140625,0.0157470703125,0.029732226909800912,0.014399776855758167,114724,114724,1.0,1.1424985181827692,3.61590000011347,5.7434999998804415
sinusoid,bec_sweep,dct,60,none,1,bec,0.1,7.655113818432379,11157.553527832031,0.002685546875,0.0330810546875,0.10162651232523273,0.05080018130469649,114724,114724,1.0,1.1424985181827692,4.193900000245776,31.23219999997673
sinusoid,bec_sweep,dct,60,none,1,bec,0.2,7.039966399577247,12855.344543457031,0.0023193359375,0.02685546875,0.2012220633869112,0.10125169973152959,114724,114724,1.0,1.1424985181827692,3.6617000000660482,33.3080999998856
sinusoid,bec_sweep,dct,60,none,1,bec,0.3,11.954609283109463,4145.905822753906,0.00665283203125,0.07269287109375,0.2998064921027858,0.15024755064328302,114724,114724,1.0,1.1424985181827692,3.8202999999157328,6.019799999648967
sinusoid,bec_sweep,dct,60,repetition,3,bec,0.0,42.773005723344646,3.433837890625,0.212890625,0.998046875,0.0,0.0,114724,344172,0.3333333333333333,1.1424985181827692,4.806699999789998,10.282499999902939
sinusoid,bec_sweep,dct,60,repetition,3,bec,0.01,42.773005723344646,3.433837890625,0.212890625,0.998046875,0.010087979266180862,0.0,114724,344172,0.3333333333333333,1.1424985181827692,6.876800000100047,10.282700000061595
sinusoid,bec_sweep,dct,60,repetition,3,bec,0.03,27.834026258308665,107.07244873046875,0.2109375,0.9901123046875,0.029775809769533836,3.486628778633939e-05,114724,344172,0.3333333333333333,1.1424985181827692,6.936700000096607,14.320000000225264
sinusoid,bec_sweep,dct,60,repetition,3,bec,0.1,16.832448213050085,1348.4521484375,0.17333984375,0.83148193359375,0.10067350045907279,0.0005491440326348453,114724,344172,0.3333333333333333,1.1424985181827692,8.616700000402489,17.109000000345986
sinusoid,bec_sweep,dct,60,repetition,3,bec,0.2,9.480497158315437,7328.762451171875,0.04095458984375,0.2374267578125,0.20020222446916078,0.004140371674627803,114724,344172,0.3333333333333333,1.1424985181827692,7.251300000007177,15.616899999713496
sinusoid,bec_sweep,dct,60,repetition,3,bec,0.3,6.702290838042052,13894.767272949219,0.0028076171875,0.024658203125,0.29984135839057213,0.013711167671977964,114724,344172,0.3333333333333333,1.1424985181827692,8.347999999841704,13.89130000006844
sinusoid,bec_sweep,dct,60,repetition,5,bec,0.0,42.773005723344646,3.433837890625,0.212890625,0.998046875,0.0,0.0,114724,573620,0.2,1.1424985181827692,12.061200000061945,11.861399999816058
sinusoid,bec_sweep,dct,60,repetition,5,bec,0.01,42.773005723344646,3.433837890625,0.212890625,0.998046875,0.010003137965900771,0.0,114724,573620,0.2,1.1424985181827692,6.652200000189623,18.674599999940256
sinusoid,bec_sweep,dct,60,repetition,5,bec,0.03,42.773005723344646,3.433837890625,0.212890625,0.998046875,0.02975314668247272,0.0,114724,573620,0.2,1.1424985181827692,7.596200000079989,17.601100000320002
sinusoid,bec_sweep,dct,60,repetition,5,bec,0.1,31.79255128920561,43.03533935546875,0.2120361328125,0.9942626953125,0.10028939018862662,8.716571946584848e-06,114724,573620,0.2,1.1424985181827692,7.258600000113802,13.297599999987142
sinusoid,bec_sweep,dct,60,repetition,5,bec,0.2,20.140238261648882,629.588134765625,0.19744873046875,0.9337158203125,0.20022314424183257,0.00016561486698511208,114724,573620,0.2,1.1424985181827692,6.528200000047946,16.61790000025576
sinusoid,bec_sweep,dct,60,repetition,5,bec,0.3,14.376532222990335,2373.7071533203125,0.1309814453125,0.66680908203125,0.30001568982950383,0.0012639029322548028,114724,573620,0.2,1.1424985181827692,8.954199999607226,16.850699999849894
sinusoid,bec_sweep,dct,60,hamming,4,bec,0.0,42.773005723344646,3.433837890625,0.212890625,0.998046875,0.0,0.0,114724,200767,0.5714285714285714,1.1424985181827692,6.053799999790499,241.30310000009558
sinusoid,bec_sweep,dct,60,hamming,4,bec,0.01,42.773005723344646,3.433837890625,0.212890625,0.998046875,0.010166013338845528,0.0,114724,200767,0.5714285714285714,1.1424985181827692,9.824900000239722,343.276799999785
sinusoid,bec_sweep,dct,60,hamming,4,bec,0.03,35.43603616206016,18.59844970703125,0.212158203125,0.994140625,0.029770828871278646,2.614971583975454e-05,114724,200767,0.5714285714285714,1.1424985181827692,13.544200000069395,347.3266999999396
sinusoid,bec_sweep,dct,60,hamming,4,bec,0.1,24.85623516687191,212.54791259765625,0.2020263671875,0.95220947265625,0.10081338068507274,0.00023534744255779088,114724,200767,0.5714285714285714,1.1424985181827692,9.283899999900314,445.7737000002453
sinusoid,bec_sweep,dct,60,hamming,4,bec,0.2,17.360909751748178,1193.9589233398438,0.13970947265625,0.69195556640625,0.20026697614647826,0.002057110979394024,114724,200767,0.5714285714285714,1.1424985181827692,9.239699999852746,572.216600000047
sinusoid,bec_sweep,dct,60,hamming,4,bec,0.3,11.452674236951507,4653.85595703125,0.02093505859375,0.196044921875,0.2998450940642636,0.007722882744674174,114724,200767,0.5714285714285714,1.1424985181827692,8.029000000078668,786.4739999999983
